updatePdf,warnPdf,normalizePdf,tGuess,tGuessSd,pThreshold,beta,delta,gamma,grain,dim,i,x,pdf,x2,p2,xThreshold,s2,intensity,response,quantileOrder
"[[array([[1]], dtype=uint8), array([[1]], dtype=uint8), array([[1]], dtype=uint8)]]","[[array([[1]], dtype=uint8), array([[1]], dtype=uint8), array([[1]], dtype=uint8)]]","[[array([[1]], dtype=uint8), array([[1]], dtype=uint8), array([[1]], dtype=uint8)]]","[[array([[-1.39794001]]), array([[-1.39794001]]), array([[-1.39794001]])]]","[[array([[3]], dtype=uint8), array([[3]], dtype=uint8), array([[3]], dtype=uint8)]]","[[array([[0.75]]), array([[0.75]]), array([[0.75]])]]","[[array([[3.5]]), array([[3.5]]), array([[3.5]])]]","[[array([[0.01]]), array([[0.01]]), array([[0.01]])]]","[[array([[0.5]]), array([[0.5]]), array([[0.5]])]]","[[array([[0.01]]), array([[0.01]]), array([[0.01]])]]","[[array([[500]], dtype=uint16), array([[500]], dtype=uint16), array([[500]], dtype=uint16)]]","[[array([[-250, -249, -248, -247, -246, -245, -244, -243, -242, -241, -240,
        -239, -238, -237, -236, -235, -234, -233, -232, -231, -230, -229,
        -228, -227, -226, -225, -224, -223, -222, -221, -220, -219, -218,
        -217, -216, -215, -214, -213, -212, -211, -210, -209, -208, -207,
        -206, -205, -204, -203, -202, -201, -200, -199, -198, -197, -196,
        -195, -194, -193, -192, -191, -190, -189, -188, -187, -186, -185,
        -184, -183, -182, -181, -180, -179, -178, -177, -176, -175, -174,
        -173, -172, -171, -170, -169, -168, -167, -166, -165, -164, -163,
        -162, -161, -160, -159, -158, -157, -156, -155, -154, -153, -152,
        -151, -150, -149, -148, -147, -146, -145, -144, -143, -142, -141,
        -140, -139, -138, -137, -136, -135, -134, -133, -132, -131, -130,
        -129, -128, -127, -126, -125, -124, -123, -122, -121, -120, -119,
        -118, -117, -116, -115, -114, -113, -112, -111, -110, -109, -108,
        -107, -106, -105, -104, -103, -102, -101, -100,  -99,  -98,  -97,
         -96,  -95,  -94,  -93,  -92,  -91,  -90,  -89,  -88,  -87,  -86,
         -85,  -84,  -83,  -82,  -81,  -80,  -79,  -78,  -77,  -76,  -75,
         -74,  -73,  -72,  -71,  -70,  -69,  -68,  -67,  -66,  -65,  -64,
         -63,  -62,  -61,  -60,  -59,  -58,  -57,  -56,  -55,  -54,  -53,
         -52,  -51,  -50,  -49,  -48,  -47,  -46,  -45,  -44,  -43,  -42,
         -41,  -40,  -39,  -38,  -37,  -36,  -35,  -34,  -33,  -32,  -31,
         -30,  -29,  -28,  -27,  -26,  -25,  -24,  -23,  -22,  -21,  -20,
         -19,  -18,  -17,  -16,  -15,  -14,  -13,  -12,  -11,  -10,   -9,
          -8,   -7,   -6,   -5,   -4,   -3,   -2,   -1,    0,    1,    2,
           3,    4,    5,    6,    7,    8,    9,   10,   11,   12,   13,
          14,   15,   16,   17,   18,   19,   20,   21,   22,   23,   24,
          25,   26,   27,   28,   29,   30,   31,   32,   33,   34,   35,
          36,   37,   38,   39,   40,   41,   42,   43,   44,   45,   46,
          47,   48,   49,   50,   51,   52,   53,   54,   55,   56,   57,
          58,   59,   60,   61,   62,   63,   64,   65,   66,   67,   68,
          69,   70,   71,   72,   73,   74,   75,   76,   77,   78,   79,
          80,   81,   82,   83,   84,   85,   86,   87,   88,   89,   90,
          91,   92,   93,   94,   95,   96,   97,   98,   99,  100,  101,
         102,  103,  104,  105,  106,  107,  108,  109,  110,  111,  112,
         113,  114,  115,  116,  117,  118,  119,  120,  121,  122,  123,
         124,  125,  126,  127,  128,  129,  130,  131,  132,  133,  134,
         135,  136,  137,  138,  139,  140,  141,  142,  143,  144,  145,
         146,  147,  148,  149,  150,  151,  152,  153,  154,  155,  156,
         157,  158,  159,  160,  161,  162,  163,  164,  165,  166,  167,
         168,  169,  170,  171,  172,  173,  174,  175,  176,  177,  178,
         179,  180,  181,  182,  183,  184,  185,  186,  187,  188,  189,
         190,  191,  192,  193,  194,  195,  196,  197,  198,  199,  200,
         201,  202,  203,  204,  205,  206,  207,  208,  209,  210,  211,
         212,  213,  214,  215,  216,  217,  218,  219,  220,  221,  222,
         223,  224,  225,  226,  227,  228,  229,  230,  231,  232,  233,
         234,  235,  236,  237,  238,  239,  240,  241,  242,  243,  244,
         245,  246,  247,  248,  249,  250]], dtype=int16), array([[-250, -249, -248, -247, -246, -245, -244, -243, -242, -241, -240,
        -239, -238, -237, -236, -235, -234, -233, -232, -231, -230, -229,
        -228, -227, -226, -225, -224, -223, -222, -221, -220, -219, -218,
        -217, -216, -215, -214, -213, -212, -211, -210, -209, -208, -207,
        -206, -205, -204, -203, -202, -201, -200, -199, -198, -197, -196,
        -195, -194, -193, -192, -191, -190, -189, -188, -187, -186, -185,
        -184, -183, -182, -181, -180, -179, -178, -177, -176, -175, -174,
        -173, -172, -171, -170, -169, -168, -167, -166, -165, -164, -163,
        -162, -161, -160, -159, -158, -157, -156, -155, -154, -153, -152,
        -151, -150, -149, -148, -147, -146, -145, -144, -143, -142, -141,
        -140, -139, -138, -137, -136, -135, -134, -133, -132, -131, -130,
        -129, -128, -127, -126, -125, -124, -123, -122, -121, -120, -119,
        -118, -117, -116, -115, -114, -113, -112, -111, -110, -109, -108,
        -107, -106, -105, -104, -103, -102, -101, -100,  -99,  -98,  -97,
         -96,  -95,  -94,  -93,  -92,  -91,  -90,  -89,  -88,  -87,  -86,
         -85,  -84,  -83,  -82,  -81,  -80,  -79,  -78,  -77,  -76,  -75,
         -74,  -73,  -72,  -71,  -70,  -69,  -68,  -67,  -66,  -65,  -64,
         -63,  -62,  -61,  -60,  -59,  -58,  -57,  -56,  -55,  -54,  -53,
         -52,  -51,  -50,  -49,  -48,  -47,  -46,  -45,  -44,  -43,  -42,
         -41,  -40,  -39,  -38,  -37,  -36,  -35,  -34,  -33,  -32,  -31,
         -30,  -29,  -28,  -27,  -26,  -25,  -24,  -23,  -22,  -21,  -20,
         -19,  -18,  -17,  -16,  -15,  -14,  -13,  -12,  -11,  -10,   -9,
          -8,   -7,   -6,   -5,   -4,   -3,   -2,   -1,    0,    1,    2,
           3,    4,    5,    6,    7,    8,    9,   10,   11,   12,   13,
          14,   15,   16,   17,   18,   19,   20,   21,   22,   23,   24,
          25,   26,   27,   28,   29,   30,   31,   32,   33,   34,   35,
          36,   37,   38,   39,   40,   41,   42,   43,   44,   45,   46,
          47,   48,   49,   50,   51,   52,   53,   54,   55,   56,   57,
          58,   59,   60,   61,   62,   63,   64,   65,   66,   67,   68,
          69,   70,   71,   72,   73,   74,   75,   76,   77,   78,   79,
          80,   81,   82,   83,   84,   85,   86,   87,   88,   89,   90,
          91,   92,   93,   94,   95,   96,   97,   98,   99,  100,  101,
         102,  103,  104,  105,  106,  107,  108,  109,  110,  111,  112,
         113,  114,  115,  116,  117,  118,  119,  120,  121,  122,  123,
         124,  125,  126,  127,  128,  129,  130,  131,  132,  133,  134,
         135,  136,  137,  138,  139,  140,  141,  142,  143,  144,  145,
         146,  147,  148,  149,  150,  151,  152,  153,  154,  155,  156,
         157,  158,  159,  160,  161,  162,  163,  164,  165,  166,  167,
         168,  169,  170,  171,  172,  173,  174,  175,  176,  177,  178,
         179,  180,  181,  182,  183,  184,  185,  186,  187,  188,  189,
         190,  191,  192,  193,  194,  195,  196,  197,  198,  199,  200,
         201,  202,  203,  204,  205,  206,  207,  208,  209,  210,  211,
         212,  213,  214,  215,  216,  217,  218,  219,  220,  221,  222,
         223,  224,  225,  226,  227,  228,  229,  230,  231,  232,  233,
         234,  235,  236,  237,  238,  239,  240,  241,  242,  243,  244,
         245,  246,  247,  248,  249,  250]], dtype=int16), array([[-250, -249, -248, -247, -246, -245, -244, -243, -242, -241, -240,
        -239, -238, -237, -236, -235, -234, -233, -232, -231, -230, -229,
        -228, -227, -226, -225, -224, -223, -222, -221, -220, -219, -218,
        -217, -216, -215, -214, -213, -212, -211, -210, -209, -208, -207,
        -206, -205, -204, -203, -202, -201, -200, -199, -198, -197, -196,
        -195, -194, -193, -192, -191, -190, -189, -188, -187, -186, -185,
        -184, -183, -182, -181, -180, -179, -178, -177, -176, -175, -174,
        -173, -172, -171, -170, -169, -168, -167, -166, -165, -164, -163,
        -162, -161, -160, -159, -158, -157, -156, -155, -154, -153, -152,
        -151, -150, -149, -148, -147, -146, -145, -144, -143, -142, -141,
        -140, -139, -138, -137, -136, -135, -134, -133, -132, -131, -130,
        -129, -128, -127, -126, -125, -124, -123, -122, -121, -120, -119,
        -118, -117, -116, -115, -114, -113, -112, -111, -110, -109, -108,
        -107, -106, -105, -104, -103, -102, -101, -100,  -99,  -98,  -97,
         -96,  -95,  -94,  -93,  -92,  -91,  -90,  -89,  -88,  -87,  -86,
         -85,  -84,  -83,  -82,  -81,  -80,  -79,  -78,  -77,  -76,  -75,
         -74,  -73,  -72,  -71,  -70,  -69,  -68,  -67,  -66,  -65,  -64,
         -63,  -62,  -61,  -60,  -59,  -58,  -57,  -56,  -55,  -54,  -53,
         -52,  -51,  -50,  -49,  -48,  -47,  -46,  -45,  -44,  -43,  -42,
         -41,  -40,  -39,  -38,  -37,  -36,  -35,  -34,  -33,  -32,  -31,
         -30,  -29,  -28,  -27,  -26,  -25,  -24,  -23,  -22,  -21,  -20,
         -19,  -18,  -17,  -16,  -15,  -14,  -13,  -12,  -11,  -10,   -9,
          -8,   -7,   -6,   -5,   -4,   -3,   -2,   -1,    0,    1,    2,
           3,    4,    5,    6,    7,    8,    9,   10,   11,   12,   13,
          14,   15,   16,   17,   18,   19,   20,   21,   22,   23,   24,
          25,   26,   27,   28,   29,   30,   31,   32,   33,   34,   35,
          36,   37,   38,   39,   40,   41,   42,   43,   44,   45,   46,
          47,   48,   49,   50,   51,   52,   53,   54,   55,   56,   57,
          58,   59,   60,   61,   62,   63,   64,   65,   66,   67,   68,
          69,   70,   71,   72,   73,   74,   75,   76,   77,   78,   79,
          80,   81,   82,   83,   84,   85,   86,   87,   88,   89,   90,
          91,   92,   93,   94,   95,   96,   97,   98,   99,  100,  101,
         102,  103,  104,  105,  106,  107,  108,  109,  110,  111,  112,
         113,  114,  115,  116,  117,  118,  119,  120,  121,  122,  123,
         124,  125,  126,  127,  128,  129,  130,  131,  132,  133,  134,
         135,  136,  137,  138,  139,  140,  141,  142,  143,  144,  145,
         146,  147,  148,  149,  150,  151,  152,  153,  154,  155,  156,
         157,  158,  159,  160,  161,  162,  163,  164,  165,  166,  167,
         168,  169,  170,  171,  172,  173,  174,  175,  176,  177,  178,
         179,  180,  181,  182,  183,  184,  185,  186,  187,  188,  189,
         190,  191,  192,  193,  194,  195,  196,  197,  198,  199,  200,
         201,  202,  203,  204,  205,  206,  207,  208,  209,  210,  211,
         212,  213,  214,  215,  216,  217,  218,  219,  220,  221,  222,
         223,  224,  225,  226,  227,  228,  229,  230,  231,  232,  233,
         234,  235,  236,  237,  238,  239,  240,  241,  242,  243,  244,
         245,  246,  247,  248,  249,  250]], dtype=int16)]]","[[array([[-2.5 , -2.49, -2.48, -2.47, -2.46, -2.45, -2.44, -2.43, -2.42,
        -2.41, -2.4 , -2.39, -2.38, -2.37, -2.36, -2.35, -2.34, -2.33,
        -2.32, -2.31, -2.3 , -2.29, -2.28, -2.27, -2.26, -2.25, -2.24,
        -2.23, -2.22, -2.21, -2.2 , -2.19, -2.18, -2.17, -2.16, -2.15,
        -2.14, -2.13, -2.12, -2.11, -2.1 , -2.09, -2.08, -2.07, -2.06,
        -2.05, -2.04, -2.03, -2.02, -2.01, -2.  , -1.99, -1.98, -1.97,
        -1.96, -1.95, -1.94, -1.93, -1.92, -1.91, -1.9 , -1.89, -1.88,
        -1.87, -1.86, -1.85, -1.84, -1.83, -1.82, -1.81, -1.8 , -1.79,
        -1.78, -1.77, -1.76, -1.75, -1.74, -1.73, -1.72, -1.71, -1.7 ,
        -1.69, -1.68, -1.67, -1.66, -1.65, -1.64, -1.63, -1.62, -1.61,
        -1.6 , -1.59, -1.58, -1.57, -1.56, -1.55, -1.54, -1.53, -1.52,
        -1.51, -1.5 , -1.49, -1.48, -1.47, -1.46, -1.45, -1.44, -1.43,
        -1.42, -1.41, -1.4 , -1.39, -1.38, -1.37, -1.36, -1.35, -1.34,
        -1.33, -1.32, -1.31, -1.3 , -1.29, -1.28, -1.27, -1.26, -1.25,
        -1.24, -1.23, -1.22, -1.21, -1.2 , -1.19, -1.18, -1.17, -1.16,
        -1.15, -1.14, -1.13, -1.12, -1.11, -1.1 , -1.09, -1.08, -1.07,
        -1.06, -1.05, -1.04, -1.03, -1.02, -1.01, -1.  , -0.99, -0.98,
        -0.97, -0.96, -0.95, -0.94, -0.93, -0.92, -0.91, -0.9 , -0.89,
        -0.88, -0.87, -0.86, -0.85, -0.84, -0.83, -0.82, -0.81, -0.8 ,
        -0.79, -0.78, -0.77, -0.76, -0.75, -0.74, -0.73, -0.72, -0.71,
        -0.7 , -0.69, -0.68, -0.67, -0.66, -0.65, -0.64, -0.63, -0.62,
        -0.61, -0.6 , -0.59, -0.58, -0.57, -0.56, -0.55, -0.54, -0.53,
        -0.52, -0.51, -0.5 , -0.49, -0.48, -0.47, -0.46, -0.45, -0.44,
        -0.43, -0.42, -0.41, -0.4 , -0.39, -0.38, -0.37, -0.36, -0.35,
        -0.34, -0.33, -0.32, -0.31, -0.3 , -0.29, -0.28, -0.27, -0.26,
        -0.25, -0.24, -0.23, -0.22, -0.21, -0.2 , -0.19, -0.18, -0.17,
        -0.16, -0.15, -0.14, -0.13, -0.12, -0.11, -0.1 , -0.09, -0.08,
        -0.07, -0.06, -0.05, -0.04, -0.03, -0.02, -0.01,  0.  ,  0.01,
         0.02,  0.03,  0.04,  0.05,  0.06,  0.07,  0.08,  0.09,  0.1 ,
         0.11,  0.12,  0.13,  0.14,  0.15,  0.16,  0.17,  0.18,  0.19,
         0.2 ,  0.21,  0.22,  0.23,  0.24,  0.25,  0.26,  0.27,  0.28,
         0.29,  0.3 ,  0.31,  0.32,  0.33,  0.34,  0.35,  0.36,  0.37,
         0.38,  0.39,  0.4 ,  0.41,  0.42,  0.43,  0.44,  0.45,  0.46,
         0.47,  0.48,  0.49,  0.5 ,  0.51,  0.52,  0.53,  0.54,  0.55,
         0.56,  0.57,  0.58,  0.59,  0.6 ,  0.61,  0.62,  0.63,  0.64,
         0.65,  0.66,  0.67,  0.68,  0.69,  0.7 ,  0.71,  0.72,  0.73,
         0.74,  0.75,  0.76,  0.77,  0.78,  0.79,  0.8 ,  0.81,  0.82,
         0.83,  0.84,  0.85,  0.86,  0.87,  0.88,  0.89,  0.9 ,  0.91,
         0.92,  0.93,  0.94,  0.95,  0.96,  0.97,  0.98,  0.99,  1.  ,
         1.01,  1.02,  1.03,  1.04,  1.05,  1.06,  1.07,  1.08,  1.09,
         1.1 ,  1.11,  1.12,  1.13,  1.14,  1.15,  1.16,  1.17,  1.18,
         1.19,  1.2 ,  1.21,  1.22,  1.23,  1.24,  1.25,  1.26,  1.27,
         1.28,  1.29,  1.3 ,  1.31,  1.32,  1.33,  1.34,  1.35,  1.36,
         1.37,  1.38,  1.39,  1.4 ,  1.41,  1.42,  1.43,  1.44,  1.45,
         1.46,  1.47,  1.48,  1.49,  1.5 ,  1.51,  1.52,  1.53,  1.54,
         1.55,  1.56,  1.57,  1.58,  1.59,  1.6 ,  1.61,  1.62,  1.63,
         1.64,  1.65,  1.66,  1.67,  1.68,  1.69,  1.7 ,  1.71,  1.72,
         1.73,  1.74,  1.75,  1.76,  1.77,  1.78,  1.79,  1.8 ,  1.81,
         1.82,  1.83,  1.84,  1.85,  1.86,  1.87,  1.88,  1.89,  1.9 ,
         1.91,  1.92,  1.93,  1.94,  1.95,  1.96,  1.97,  1.98,  1.99,
         2.  ,  2.01,  2.02,  2.03,  2.04,  2.05,  2.06,  2.07,  2.08,
         2.09,  2.1 ,  2.11,  2.12,  2.13,  2.14,  2.15,  2.16,  2.17,
         2.18,  2.19,  2.2 ,  2.21,  2.22,  2.23,  2.24,  2.25,  2.26,
         2.27,  2.28,  2.29,  2.3 ,  2.31,  2.32,  2.33,  2.34,  2.35,
         2.36,  2.37,  2.38,  2.39,  2.4 ,  2.41,  2.42,  2.43,  2.44,
         2.45,  2.46,  2.47,  2.48,  2.49,  2.5 ]]), array([[-2.5 , -2.49, -2.48, -2.47, -2.46, -2.45, -2.44, -2.43, -2.42,
        -2.41, -2.4 , -2.39, -2.38, -2.37, -2.36, -2.35, -2.34, -2.33,
        -2.32, -2.31, -2.3 , -2.29, -2.28, -2.27, -2.26, -2.25, -2.24,
        -2.23, -2.22, -2.21, -2.2 , -2.19, -2.18, -2.17, -2.16, -2.15,
        -2.14, -2.13, -2.12, -2.11, -2.1 , -2.09, -2.08, -2.07, -2.06,
        -2.05, -2.04, -2.03, -2.02, -2.01, -2.  , -1.99, -1.98, -1.97,
        -1.96, -1.95, -1.94, -1.93, -1.92, -1.91, -1.9 , -1.89, -1.88,
        -1.87, -1.86, -1.85, -1.84, -1.83, -1.82, -1.81, -1.8 , -1.79,
        -1.78, -1.77, -1.76, -1.75, -1.74, -1.73, -1.72, -1.71, -1.7 ,
        -1.69, -1.68, -1.67, -1.66, -1.65, -1.64, -1.63, -1.62, -1.61,
        -1.6 , -1.59, -1.58, -1.57, -1.56, -1.55, -1.54, -1.53, -1.52,
        -1.51, -1.5 , -1.49, -1.48, -1.47, -1.46, -1.45, -1.44, -1.43,
        -1.42, -1.41, -1.4 , -1.39, -1.38, -1.37, -1.36, -1.35, -1.34,
        -1.33, -1.32, -1.31, -1.3 , -1.29, -1.28, -1.27, -1.26, -1.25,
        -1.24, -1.23, -1.22, -1.21, -1.2 , -1.19, -1.18, -1.17, -1.16,
        -1.15, -1.14, -1.13, -1.12, -1.11, -1.1 , -1.09, -1.08, -1.07,
        -1.06, -1.05, -1.04, -1.03, -1.02, -1.01, -1.  , -0.99, -0.98,
        -0.97, -0.96, -0.95, -0.94, -0.93, -0.92, -0.91, -0.9 , -0.89,
        -0.88, -0.87, -0.86, -0.85, -0.84, -0.83, -0.82, -0.81, -0.8 ,
        -0.79, -0.78, -0.77, -0.76, -0.75, -0.74, -0.73, -0.72, -0.71,
        -0.7 , -0.69, -0.68, -0.67, -0.66, -0.65, -0.64, -0.63, -0.62,
        -0.61, -0.6 , -0.59, -0.58, -0.57, -0.56, -0.55, -0.54, -0.53,
        -0.52, -0.51, -0.5 , -0.49, -0.48, -0.47, -0.46, -0.45, -0.44,
        -0.43, -0.42, -0.41, -0.4 , -0.39, -0.38, -0.37, -0.36, -0.35,
        -0.34, -0.33, -0.32, -0.31, -0.3 , -0.29, -0.28, -0.27, -0.26,
        -0.25, -0.24, -0.23, -0.22, -0.21, -0.2 , -0.19, -0.18, -0.17,
        -0.16, -0.15, -0.14, -0.13, -0.12, -0.11, -0.1 , -0.09, -0.08,
        -0.07, -0.06, -0.05, -0.04, -0.03, -0.02, -0.01,  0.  ,  0.01,
         0.02,  0.03,  0.04,  0.05,  0.06,  0.07,  0.08,  0.09,  0.1 ,
         0.11,  0.12,  0.13,  0.14,  0.15,  0.16,  0.17,  0.18,  0.19,
         0.2 ,  0.21,  0.22,  0.23,  0.24,  0.25,  0.26,  0.27,  0.28,
         0.29,  0.3 ,  0.31,  0.32,  0.33,  0.34,  0.35,  0.36,  0.37,
         0.38,  0.39,  0.4 ,  0.41,  0.42,  0.43,  0.44,  0.45,  0.46,
         0.47,  0.48,  0.49,  0.5 ,  0.51,  0.52,  0.53,  0.54,  0.55,
         0.56,  0.57,  0.58,  0.59,  0.6 ,  0.61,  0.62,  0.63,  0.64,
         0.65,  0.66,  0.67,  0.68,  0.69,  0.7 ,  0.71,  0.72,  0.73,
         0.74,  0.75,  0.76,  0.77,  0.78,  0.79,  0.8 ,  0.81,  0.82,
         0.83,  0.84,  0.85,  0.86,  0.87,  0.88,  0.89,  0.9 ,  0.91,
         0.92,  0.93,  0.94,  0.95,  0.96,  0.97,  0.98,  0.99,  1.  ,
         1.01,  1.02,  1.03,  1.04,  1.05,  1.06,  1.07,  1.08,  1.09,
         1.1 ,  1.11,  1.12,  1.13,  1.14,  1.15,  1.16,  1.17,  1.18,
         1.19,  1.2 ,  1.21,  1.22,  1.23,  1.24,  1.25,  1.26,  1.27,
         1.28,  1.29,  1.3 ,  1.31,  1.32,  1.33,  1.34,  1.35,  1.36,
         1.37,  1.38,  1.39,  1.4 ,  1.41,  1.42,  1.43,  1.44,  1.45,
         1.46,  1.47,  1.48,  1.49,  1.5 ,  1.51,  1.52,  1.53,  1.54,
         1.55,  1.56,  1.57,  1.58,  1.59,  1.6 ,  1.61,  1.62,  1.63,
         1.64,  1.65,  1.66,  1.67,  1.68,  1.69,  1.7 ,  1.71,  1.72,
         1.73,  1.74,  1.75,  1.76,  1.77,  1.78,  1.79,  1.8 ,  1.81,
         1.82,  1.83,  1.84,  1.85,  1.86,  1.87,  1.88,  1.89,  1.9 ,
         1.91,  1.92,  1.93,  1.94,  1.95,  1.96,  1.97,  1.98,  1.99,
         2.  ,  2.01,  2.02,  2.03,  2.04,  2.05,  2.06,  2.07,  2.08,
         2.09,  2.1 ,  2.11,  2.12,  2.13,  2.14,  2.15,  2.16,  2.17,
         2.18,  2.19,  2.2 ,  2.21,  2.22,  2.23,  2.24,  2.25,  2.26,
         2.27,  2.28,  2.29,  2.3 ,  2.31,  2.32,  2.33,  2.34,  2.35,
         2.36,  2.37,  2.38,  2.39,  2.4 ,  2.41,  2.42,  2.43,  2.44,
         2.45,  2.46,  2.47,  2.48,  2.49,  2.5 ]]), array([[-2.5 , -2.49, -2.48, -2.47, -2.46, -2.45, -2.44, -2.43, -2.42,
        -2.41, -2.4 , -2.39, -2.38, -2.37, -2.36, -2.35, -2.34, -2.33,
        -2.32, -2.31, -2.3 , -2.29, -2.28, -2.27, -2.26, -2.25, -2.24,
        -2.23, -2.22, -2.21, -2.2 , -2.19, -2.18, -2.17, -2.16, -2.15,
        -2.14, -2.13, -2.12, -2.11, -2.1 , -2.09, -2.08, -2.07, -2.06,
        -2.05, -2.04, -2.03, -2.02, -2.01, -2.  , -1.99, -1.98, -1.97,
        -1.96, -1.95, -1.94, -1.93, -1.92, -1.91, -1.9 , -1.89, -1.88,
        -1.87, -1.86, -1.85, -1.84, -1.83, -1.82, -1.81, -1.8 , -1.79,
        -1.78, -1.77, -1.76, -1.75, -1.74, -1.73, -1.72, -1.71, -1.7 ,
        -1.69, -1.68, -1.67, -1.66, -1.65, -1.64, -1.63, -1.62, -1.61,
        -1.6 , -1.59, -1.58, -1.57, -1.56, -1.55, -1.54, -1.53, -1.52,
        -1.51, -1.5 , -1.49, -1.48, -1.47, -1.46, -1.45, -1.44, -1.43,
        -1.42, -1.41, -1.4 , -1.39, -1.38, -1.37, -1.36, -1.35, -1.34,
        -1.33, -1.32, -1.31, -1.3 , -1.29, -1.28, -1.27, -1.26, -1.25,
        -1.24, -1.23, -1.22, -1.21, -1.2 , -1.19, -1.18, -1.17, -1.16,
        -1.15, -1.14, -1.13, -1.12, -1.11, -1.1 , -1.09, -1.08, -1.07,
        -1.06, -1.05, -1.04, -1.03, -1.02, -1.01, -1.  , -0.99, -0.98,
        -0.97, -0.96, -0.95, -0.94, -0.93, -0.92, -0.91, -0.9 , -0.89,
        -0.88, -0.87, -0.86, -0.85, -0.84, -0.83, -0.82, -0.81, -0.8 ,
        -0.79, -0.78, -0.77, -0.76, -0.75, -0.74, -0.73, -0.72, -0.71,
        -0.7 , -0.69, -0.68, -0.67, -0.66, -0.65, -0.64, -0.63, -0.62,
        -0.61, -0.6 , -0.59, -0.58, -0.57, -0.56, -0.55, -0.54, -0.53,
        -0.52, -0.51, -0.5 , -0.49, -0.48, -0.47, -0.46, -0.45, -0.44,
        -0.43, -0.42, -0.41, -0.4 , -0.39, -0.38, -0.37, -0.36, -0.35,
        -0.34, -0.33, -0.32, -0.31, -0.3 , -0.29, -0.28, -0.27, -0.26,
        -0.25, -0.24, -0.23, -0.22, -0.21, -0.2 , -0.19, -0.18, -0.17,
        -0.16, -0.15, -0.14, -0.13, -0.12, -0.11, -0.1 , -0.09, -0.08,
        -0.07, -0.06, -0.05, -0.04, -0.03, -0.02, -0.01,  0.  ,  0.01,
         0.02,  0.03,  0.04,  0.05,  0.06,  0.07,  0.08,  0.09,  0.1 ,
         0.11,  0.12,  0.13,  0.14,  0.15,  0.16,  0.17,  0.18,  0.19,
         0.2 ,  0.21,  0.22,  0.23,  0.24,  0.25,  0.26,  0.27,  0.28,
         0.29,  0.3 ,  0.31,  0.32,  0.33,  0.34,  0.35,  0.36,  0.37,
         0.38,  0.39,  0.4 ,  0.41,  0.42,  0.43,  0.44,  0.45,  0.46,
         0.47,  0.48,  0.49,  0.5 ,  0.51,  0.52,  0.53,  0.54,  0.55,
         0.56,  0.57,  0.58,  0.59,  0.6 ,  0.61,  0.62,  0.63,  0.64,
         0.65,  0.66,  0.67,  0.68,  0.69,  0.7 ,  0.71,  0.72,  0.73,
         0.74,  0.75,  0.76,  0.77,  0.78,  0.79,  0.8 ,  0.81,  0.82,
         0.83,  0.84,  0.85,  0.86,  0.87,  0.88,  0.89,  0.9 ,  0.91,
         0.92,  0.93,  0.94,  0.95,  0.96,  0.97,  0.98,  0.99,  1.  ,
         1.01,  1.02,  1.03,  1.04,  1.05,  1.06,  1.07,  1.08,  1.09,
         1.1 ,  1.11,  1.12,  1.13,  1.14,  1.15,  1.16,  1.17,  1.18,
         1.19,  1.2 ,  1.21,  1.22,  1.23,  1.24,  1.25,  1.26,  1.27,
         1.28,  1.29,  1.3 ,  1.31,  1.32,  1.33,  1.34,  1.35,  1.36,
         1.37,  1.38,  1.39,  1.4 ,  1.41,  1.42,  1.43,  1.44,  1.45,
         1.46,  1.47,  1.48,  1.49,  1.5 ,  1.51,  1.52,  1.53,  1.54,
         1.55,  1.56,  1.57,  1.58,  1.59,  1.6 ,  1.61,  1.62,  1.63,
         1.64,  1.65,  1.66,  1.67,  1.68,  1.69,  1.7 ,  1.71,  1.72,
         1.73,  1.74,  1.75,  1.76,  1.77,  1.78,  1.79,  1.8 ,  1.81,
         1.82,  1.83,  1.84,  1.85,  1.86,  1.87,  1.88,  1.89,  1.9 ,
         1.91,  1.92,  1.93,  1.94,  1.95,  1.96,  1.97,  1.98,  1.99,
         2.  ,  2.01,  2.02,  2.03,  2.04,  2.05,  2.06,  2.07,  2.08,
         2.09,  2.1 ,  2.11,  2.12,  2.13,  2.14,  2.15,  2.16,  2.17,
         2.18,  2.19,  2.2 ,  2.21,  2.22,  2.23,  2.24,  2.25,  2.26,
         2.27,  2.28,  2.29,  2.3 ,  2.31,  2.32,  2.33,  2.34,  2.35,
         2.36,  2.37,  2.38,  2.39,  2.4 ,  2.41,  2.42,  2.43,  2.44,
         2.45,  2.46,  2.47,  2.48,  2.49,  2.5 ]])]]","[[array([[2.10617610e-15, 2.11202299e-15, 2.11786258e-15, 2.12369471e-15,
        2.12951925e-15, 2.13533604e-15, 2.14114492e-15, 2.14694575e-15,
        2.15273838e-15, 2.15852265e-15, 2.16429841e-15, 2.17006552e-15,
        2.17582382e-15, 2.18157316e-15, 2.18731339e-15, 2.19304435e-15,
        2.19876590e-15, 2.20447789e-15, 2.21018015e-15, 2.21587254e-15,
        2.22155491e-15, 2.22722711e-15, 2.23288897e-15, 2.23854036e-15,
        2.24418111e-15, 2.24981108e-15, 2.25543012e-15, 2.26103806e-15,
        2.26663477e-15, 2.27222008e-15, 2.27779384e-15, 2.28335591e-15,
        2.28890612e-15, 2.29444434e-15, 2.29997039e-15, 2.30548414e-15,
        2.31098543e-15, 2.31647411e-15, 2.32195003e-15, 2.32741303e-15,
        2.33286296e-15, 2.33829967e-15, 2.34372301e-15, 2.34913283e-15,
        2.35452897e-15, 2.35991129e-15, 2.36527963e-15, 2.37063384e-15,
        2.37597377e-15, 2.38129927e-15, 2.38661019e-15, 2.39190638e-15,
        2.39718768e-15, 2.40245395e-15, 2.40770504e-15, 2.41294079e-15,
        2.41816107e-15, 2.42336571e-15, 2.42855456e-15, 2.43372749e-15,
        2.43888433e-15, 2.44402495e-15, 2.44914919e-15, 2.45425690e-15,
        2.45934794e-15, 2.46442216e-15, 2.46947940e-15, 2.47451954e-15,
        2.47954240e-15, 2.48454786e-15, 2.48953576e-15, 2.49450595e-15,
        2.49945830e-15, 2.50439265e-15, 2.50930886e-15, 2.51420679e-15,
        2.51908628e-15, 2.52394721e-15, 2.52878941e-15, 2.53361275e-15,
        2.53841709e-15, 2.54320228e-15, 2.54796818e-15, 2.55271465e-15,
        2.55744154e-15, 2.56214872e-15, 2.56683604e-15, 2.57150336e-15,
        2.57615055e-15, 2.58077746e-15, 2.58538395e-15, 2.58996989e-15,
        2.59453513e-15, 2.59907954e-15, 2.60360299e-15, 2.60810532e-15,
        2.61258642e-15, 2.61704613e-15, 2.62148433e-15, 2.62590088e-15,
        2.63029564e-15, 2.63466848e-15, 2.63901927e-15, 2.64334788e-15,
        2.64765417e-15, 2.65193800e-15, 2.65619926e-15, 2.66043780e-15,
        2.66465349e-15, 2.66884622e-15, 2.67301583e-15, 2.67716222e-15,
        2.68128525e-15, 2.68538479e-15, 2.68946071e-15, 2.69351289e-15,
        2.69754121e-15, 2.70154553e-15, 2.70552573e-15, 2.70948170e-15,
        2.71341330e-15, 2.71732041e-15, 2.72120291e-15, 2.72506068e-15,
        2.72889359e-15, 2.73270154e-15, 2.73648439e-15, 2.74024203e-15,
        2.74397435e-15, 2.74768121e-15, 2.75136252e-15, 2.75501814e-15,
        2.75864797e-15, 2.76225189e-15, 2.76582979e-15, 2.76938155e-15,
        2.77290706e-15, 2.77640621e-15, 2.77987889e-15, 2.78332498e-15,
        2.78674439e-15, 2.79013699e-15, 2.79350268e-15, 2.79684136e-15,
        2.80015291e-15, 2.80343724e-15, 2.80669423e-15, 2.80992379e-15,
        2.81312580e-15, 2.81630017e-15, 2.81944680e-15, 2.82256558e-15,
        2.82565641e-15, 2.82871919e-15, 2.83175384e-15, 2.83476024e-15,
        2.83773830e-15, 2.84068793e-15, 2.84360902e-15, 2.84650149e-15,
        2.84936525e-15, 2.85220019e-15, 2.85500624e-15, 2.85778329e-15,
        2.86053126e-15, 2.86325005e-15, 2.86593959e-15, 2.86859978e-15,
        2.87123053e-15, 2.87383177e-15, 2.87640340e-15, 2.87894535e-15,
        2.88145752e-15, 2.88393985e-15, 2.88639224e-15, 2.88881461e-15,
        2.89120690e-15, 2.89356902e-15, 2.89590089e-15, 2.89820243e-15,
        2.90047358e-15, 2.90271426e-15, 2.90492439e-15, 2.90710390e-15,
        2.90925272e-15, 2.91137078e-15, 2.91345801e-15, 2.91551434e-15,
        2.91753971e-15, 2.91953404e-15, 2.92149727e-15, 2.92342935e-15,
        2.92533019e-15, 2.92719975e-15, 2.92903796e-15, 2.93084476e-15,
        2.93262008e-15, 2.93436388e-15, 2.93607609e-15, 2.93775666e-15,
        2.93940553e-15, 2.94102265e-15, 2.94260796e-15, 2.94416142e-15,
        2.94568296e-15, 2.94717254e-15, 2.94863012e-15, 2.95005568e-15,
        2.95144933e-15, 2.95281172e-15, 2.95414562e-15, 2.95546076e-15,
        2.95678766e-15, 2.95821199e-15, 2.95995191e-15, 2.96251495e-15,
        2.96698773e-15, 2.97552576e-15, 2.99211705e-15, 3.02368961e-15,
        3.08162976e-15, 3.18381150e-15, 3.35739297e-15, 3.64307282e-15,
        4.10247789e-15, 4.83229055e-15, 5.99240052e-15, 7.86267664e-15,
        1.09589897e-14, 1.62774017e-14, 2.58313710e-14, 4.38964963e-14,
        8.00604448e-14, 1.57163438e-13, 3.33386644e-13, 7.68231908e-13,
        1.93502656e-12, 5.36083222e-12, 1.64103949e-11, 5.55457537e-11,
        2.06708754e-10, 8.34083999e-10, 3.56928573e-09, 1.57474399e-08,
        6.94758796e-08, 2.97795644e-07, 1.21032324e-06, 4.57878364e-06,
        1.59197633e-05, 5.04762513e-05, 1.45386446e-04, 3.80040786e-04,
        9.02590630e-04, 1.95261999e-03, 3.86143316e-03, 7.00973542e-03,
        1.17347288e-02, 1.82038235e-02, 2.62978766e-02, 3.55557179e-02,
        4.52141429e-02, 5.43403607e-02, 6.20165146e-02, 6.75174748e-02,
        7.04306591e-02, 7.06928889e-02, 6.85494844e-02, 6.44620828e-02,
        5.89986633e-02, 5.27340295e-02, 4.61774678e-02, 3.97323902e-02,
        3.36841339e-02, 2.82077989e-02, 2.33873428e-02, 1.92386769e-02,
        1.57318591e-02, 1.28097400e-02, 1.04021318e-02, 8.43565515e-03,
        6.83996131e-03, 5.55120085e-03, 4.51356359e-03, 3.67957228e-03,
        3.00964190e-03, 2.47126186e-03, 2.03803352e-03, 1.68870289e-03,
        1.40626504e-03, 1.17717542e-03, 9.90677993e-04, 8.38246297e-04,
        7.13126137e-04, 6.09966253e-04, 5.24522750e-04, 4.53424273e-04,
        3.93986405e-04, 3.44065570e-04, 3.01944349e-04, 2.66241655e-04,
        2.35842468e-04, 2.09842893e-04, 1.87507212e-04, 1.68234247e-04,
        1.51530966e-04, 1.36991689e-04, 1.24281627e-04, 1.13123761e-04,
        1.03288323e-04, 9.45842973e-05, 8.68525042e-05, 7.99599452e-05,
        7.37951524e-05, 6.82643513e-05, 6.32882913e-05, 5.87996273e-05,
        5.47407653e-05, 5.10621016e-05, 4.77205996e-05, 4.46786548e-05,
        4.19032054e-05, 3.93650464e-05, 3.70383074e-05, 3.49000559e-05,
        3.29299904e-05, 3.11101947e-05, 2.94249271e-05, 2.78604282e-05,
        2.64047360e-05, 2.50475022e-05, 2.37798080e-05, 2.25939819e-05,
        2.14834203e-05, 2.04424160e-05, 1.94659949e-05, 1.85497662e-05,
        1.76897865e-05, 1.68824409e-05, 1.61243438e-05, 1.54122627e-05,
        1.47430645e-05, 1.41136869e-05, 1.35211322e-05, 1.29624801e-05,
        1.24349152e-05, 1.19357618e-05, 1.14625218e-05, 1.10129077e-05,
        1.05848687e-05, 1.01766059e-05, 9.78657550e-06, 9.41348161e-06,
        9.05625883e-06, 8.71404785e-06, 8.38616616e-06, 8.07207658e-06,
        7.77135576e-06, 7.48366433e-06, 7.20872019e-06, 6.94627550e-06,
        6.69609787e-06, 6.45795569e-06, 6.23160740e-06, 6.01679426e-06,
        5.81323617e-06, 5.62062986e-06, 5.43864910e-06, 5.26694634e-06,
        5.10515527e-06, 4.95289417e-06, 4.80976944e-06, 4.67537937e-06,
        4.54931773e-06, 4.43117723e-06, 4.32055266e-06, 4.21704367e-06,
        4.12025725e-06, 4.02980976e-06, 3.94532867e-06, 3.86645388e-06,
        3.79283883e-06, 3.72415121e-06, 3.66007351e-06, 3.60030329e-06,
        3.54455332e-06, 3.49255148e-06, 3.44404058e-06, 3.39877809e-06,
        3.35653572e-06, 3.31709898e-06, 3.28026666e-06, 3.24585032e-06,
        3.21367369e-06, 3.18357208e-06, 3.15539184e-06, 3.12898973e-06,
        3.10423234e-06, 3.08099556e-06, 3.05916399e-06, 3.03863042e-06,
        3.01929534e-06, 3.00106640e-06, 2.98385797e-06, 2.96759072e-06,
        2.95219114e-06, 2.93759116e-06, 2.92372782e-06, 2.91054284e-06,
        2.89798234e-06, 2.88599651e-06, 2.87453931e-06, 2.86356821e-06,
        2.85304393e-06, 2.84293019e-06, 2.83319349e-06, 2.82380295e-06,
        2.81473002e-06, 2.80594840e-06, 2.79743382e-06, 2.78916390e-06,
        2.78111800e-06, 2.77327710e-06, 2.76562366e-06, 2.75814151e-06,
        2.75081578e-06, 2.74363275e-06, 2.73657978e-06, 2.72964523e-06,
        2.72281839e-06, 2.71608941e-06, 2.70944919e-06, 2.70288940e-06,
        2.69640233e-06, 2.68998093e-06, 2.68361868e-06, 2.67730960e-06,
        2.67104821e-06, 2.66482944e-06, 2.65864866e-06, 2.65250159e-06,
        2.64638433e-06, 2.64029328e-06, 2.63422515e-06, 2.62817690e-06,
        2.62214576e-06, 2.61612919e-06, 2.61012487e-06, 2.60413065e-06,
        2.59814460e-06, 2.59216491e-06, 2.58618998e-06, 2.58021829e-06,
        2.57424851e-06, 2.56827939e-06, 2.56230981e-06, 2.55633874e-06,
        2.55036525e-06, 2.54438849e-06, 2.53840771e-06, 2.53242222e-06,
        2.52643138e-06, 2.52043465e-06, 2.51443151e-06, 2.50842153e-06,
        2.50240429e-06, 2.49637944e-06, 2.49034667e-06, 2.48430570e-06,
        2.47825628e-06, 2.47219821e-06, 2.46613132e-06, 2.46005543e-06,
        2.45397044e-06, 2.44787623e-06, 2.44177272e-06, 2.43565985e-06,
        2.42953758e-06, 2.42340587e-06, 2.41726471e-06, 2.41111410e-06,
        2.40495406e-06, 2.39878462e-06, 2.39260580e-06, 2.38641766e-06,
        2.38022026e-06, 2.37401365e-06, 2.36779791e-06, 2.36157312e-06,
        2.35533937e-06, 2.34909674e-06, 2.34284535e-06, 2.33658528e-06,
        2.33031665e-06, 2.32403958e-06, 2.31775416e-06, 2.31146054e-06,
        2.30515882e-06, 2.29884914e-06, 2.29253163e-06, 2.28620641e-06,
        2.27987362e-06]]), array([[1.75327795e-20, 1.75814517e-20, 1.76300631e-20, 1.76786125e-20,
        1.77270986e-20, 1.77755202e-20, 1.78238760e-20, 1.78721648e-20,
        1.79203853e-20, 1.79685362e-20, 1.80166164e-20, 1.80646244e-20,
        1.81125592e-20, 1.81604193e-20, 1.82082036e-20, 1.82559108e-20,
        1.83035396e-20, 1.83510888e-20, 1.83985571e-20, 1.84459432e-20,
        1.84932458e-20, 1.85404638e-20, 1.85875958e-20, 1.86346405e-20,
        1.86815968e-20, 1.87284632e-20, 1.87752386e-20, 1.88219218e-20,
        1.88685113e-20, 1.89150060e-20, 1.89614046e-20, 1.90077058e-20,
        1.90539083e-20, 1.91000110e-20, 1.91460124e-20, 1.91919114e-20,
        1.92377067e-20, 1.92833970e-20, 1.93289810e-20, 1.93744575e-20,
        1.94198252e-20, 1.94650829e-20, 1.95102293e-20, 1.95552631e-20,
        1.96001831e-20, 1.96449880e-20, 1.96896765e-20, 1.97342474e-20,
        1.97786995e-20, 1.98230314e-20, 1.98672419e-20, 1.99113298e-20,
        1.99552938e-20, 1.99991327e-20, 2.00428452e-20, 2.00864300e-20,
        2.01298860e-20, 2.01732118e-20, 2.02164062e-20, 2.02594680e-20,
        2.03023960e-20, 2.03451889e-20, 2.03878454e-20, 2.04303643e-20,
        2.04727445e-20, 2.05149846e-20, 2.05570835e-20, 2.05990398e-20,
        2.06408525e-20, 2.06825202e-20, 2.07240418e-20, 2.07654160e-20,
        2.08066416e-20, 2.08477174e-20, 2.08886422e-20, 2.09294148e-20,
        2.09700340e-20, 2.10104985e-20, 2.10508072e-20, 2.10909590e-20,
        2.11309525e-20, 2.11707866e-20, 2.12104602e-20, 2.12499719e-20,
        2.12893208e-20, 2.13285055e-20, 2.13675249e-20, 2.14063779e-20,
        2.14450632e-20, 2.14835797e-20, 2.15219263e-20, 2.15601017e-20,
        2.15981049e-20, 2.16359347e-20, 2.16735899e-20, 2.17110694e-20,
        2.17483721e-20, 2.17854968e-20, 2.18224424e-20, 2.18592078e-20,
        2.18957918e-20, 2.19321934e-20, 2.19684114e-20, 2.20044447e-20,
        2.20402922e-20, 2.20759528e-20, 2.21114255e-20, 2.21467090e-20,
        2.21818024e-20, 2.22167046e-20, 2.22514144e-20, 2.22859308e-20,
        2.23202528e-20, 2.23543793e-20, 2.23883091e-20, 2.24220414e-20,
        2.24555749e-20, 2.24889087e-20, 2.25220418e-20, 2.25549730e-20,
        2.25877015e-20, 2.26202261e-20, 2.26525458e-20, 2.26846596e-20,
        2.27165666e-20, 2.27482657e-20, 2.27797559e-20, 2.28110362e-20,
        2.28421057e-20, 2.28729634e-20, 2.29036083e-20, 2.29340394e-20,
        2.29642558e-20, 2.29942568e-20, 2.30240427e-20, 2.30536180e-20,
        2.30830037e-20, 2.31122753e-20, 2.31416698e-20, 2.31718531e-20,
        2.32045152e-20, 2.32435663e-20, 2.32973092e-20, 2.33820231e-20,
        2.35273418e-20, 2.37836014e-20, 2.42309452e-20, 2.49894684e-20,
        2.62291637e-20, 2.81780397e-20, 3.11266652e-20, 3.54276123e-20,
        4.14888211e-20, 4.97606942e-20, 6.07175949e-20, 7.48351983e-20,
        9.25656982e-20, 1.14313114e-19, 1.40410872e-19, 1.71103468e-19,
        2.06533521e-19, 2.46734838e-19, 2.91631585e-19, 3.41043045e-19,
        3.94693128e-19, 4.52223494e-19, 5.13209102e-19, 5.77174977e-19,
        6.43613167e-19, 7.11998963e-19, 7.81805746e-19, 8.52517965e-19,
        9.23641995e-19, 9.94714740e-19, 1.06531002e-18, 1.13504280e-18,
        1.20357137e-18, 1.27059757e-18, 1.33586514e-18, 1.39915618e-18,
        1.46028586e-18, 1.51909550e-18, 1.57544451e-18, 1.62920161e-18,
        1.68023649e-18, 1.72841256e-18, 1.77358203e-18, 1.81558396e-18,
        1.85424575e-18, 1.88938806e-18, 1.92083269e-18, 1.94841256e-18,
        1.97198272e-18, 1.99143112e-18, 2.00668820e-18, 2.01773426e-18,
        2.02460412e-18, 2.02738880e-18, 2.02623421e-18, 2.02133734e-18,
        2.01294047e-18, 2.00132450e-18, 1.98680371e-18, 1.96972583e-18,
        1.95048592e-18, 1.92956830e-18, 1.90763992e-18, 1.88572736e-18,
        1.86551671e-18, 1.84981587e-18, 1.84321385e-18, 1.85296920e-18,
        1.89018799e-18, 1.97146043e-18, 2.12138477e-18, 2.37688766e-18,
        2.79499956e-18, 3.46681706e-18, 4.54203175e-18, 6.27160146e-18,
        9.08360544e-18, 1.37252306e-17, 2.15448826e-17, 3.50796260e-17,
        5.93195566e-17, 1.04514632e-16, 1.92643876e-16, 3.73011446e-16,
        7.61792207e-16, 1.64803269e-15, 3.79560696e-15, 9.36158415e-15,
        2.48892480e-14, 7.17847911e-14, 2.25702532e-13, 7.74981979e-13,
        2.89729347e-12, 1.16905847e-11, 5.01915612e-11, 2.25115114e-10,
        1.03331016e-09, 4.75267288e-09, 2.14570956e-08, 9.32581181e-08,
        3.83413575e-07, 1.46925586e-06, 5.18889982e-06, 1.67621048e-05,
        4.93296084e-05, 1.32110667e-04, 3.22347624e-04, 7.18582706e-04,
        1.46919710e-03, 2.76770821e-03, 4.82786181e-03, 7.83825983e-03,
        1.19059469e-02, 1.70060847e-02, 2.29558597e-02, 2.94238327e-02,
        3.59741160e-02, 4.21335127e-02, 4.74636901e-02, 5.16211808e-02,
        5.43939586e-02, 5.57112915e-02, 5.56304738e-02, 5.43081184e-02,
        5.19646985e-02, 4.88497454e-02, 4.52126705e-02, 4.12816008e-02,
        3.72505157e-02, 3.32736102e-02, 2.94651499e-02, 2.59029605e-02,
        2.26339137e-02, 1.96801394e-02, 1.70450996e-02, 1.47190068e-02,
        1.26833477e-02, 1.09144601e-02, 9.38622442e-03, 8.07199206e-03,
        6.94589222e-03, 5.98365507e-03, 5.16307486e-03, 4.46421491e-03,
        3.86943611e-03, 3.36331096e-03, 2.93246944e-03, 2.56540926e-03,
        2.25229320e-03, 1.98474823e-03, 1.75567526e-03, 1.55907455e-03,
        1.38988883e-03, 1.24386447e-03, 1.11742999e-03, 1.00759074e-03,
        9.11838007e-04, 8.28071258e-04, 7.54531726e-04, 6.89746108e-04,
        6.32478984e-04, 5.81692806e-04, 5.36514396e-04, 4.96207009e-04,
        4.60147128e-04, 4.27805248e-04, 3.98730010e-04, 3.72535134e-04,
        3.48888655e-04, 3.27504088e-04, 3.08133150e-04, 2.90559774e-04,
        2.74595177e-04, 2.60073776e-04, 2.46849813e-04, 2.34794538e-04,
        2.23793866e-04, 2.13746403e-04, 2.04561792e-04, 1.96159308e-04,
        1.88466660e-04, 1.81418978e-04, 1.74957934e-04, 1.69030987e-04,
        1.63590734e-04, 1.58594339e-04, 1.54003039e-04, 1.49781714e-04,
        1.45898500e-04, 1.42324462e-04, 1.39033293e-04, 1.36001053e-04,
        1.33205935e-04, 1.30628064e-04, 1.28249303e-04, 1.26053098e-04,
        1.24024321e-04, 1.22149147e-04, 1.20414925e-04, 1.18810082e-04,
        1.17324018e-04, 1.15947021e-04, 1.14670193e-04, 1.13485373e-04,
        1.12385076e-04, 1.11362435e-04, 1.10411145e-04, 1.09525420e-04,
        1.08699942e-04, 1.07929829e-04, 1.07210595e-04, 1.06538114e-04,
        1.05908595e-04, 1.05318554e-04, 1.04764786e-04, 1.04244341e-04,
        1.03754508e-04, 1.03292793e-04, 1.02856899e-04, 1.02444715e-04,
        1.02054297e-04, 1.01683856e-04, 1.01331745e-04, 1.00996447e-04,
        1.00676569e-04, 1.00370824e-04, 1.00078032e-04, 9.97971023e-05,
        9.95270333e-05, 9.92669020e-05, 9.90158587e-05, 9.87731210e-05,
        9.85379688e-05, 9.83097388e-05, 9.80878205e-05, 9.78716518e-05,
        9.76607152e-05, 9.74545345e-05, 9.72526709e-05, 9.70547211e-05,
        9.68603133e-05, 9.66691058e-05, 9.64807838e-05, 9.62950579e-05,
        9.61116616e-05, 9.59303500e-05, 9.57508976e-05, 9.55730971e-05,
        9.53967579e-05, 9.52217048e-05, 9.50477766e-05, 9.48748253e-05,
        9.47027149e-05, 9.45313205e-05, 9.43605274e-05, 9.41902302e-05,
        9.40203324e-05, 9.38507452e-05, 9.36813875e-05, 9.35121847e-05,
        9.33430685e-05, 9.31739766e-05, 9.30048518e-05, 9.28356418e-05,
        9.26662989e-05, 9.24967794e-05, 9.23270437e-05, 9.21570555e-05,
        9.19867818e-05, 9.18161928e-05, 9.16452611e-05, 9.14739621e-05,
        9.13022736e-05, 9.11301754e-05, 9.09576493e-05, 9.07846792e-05,
        9.06112503e-05, 9.04373496e-05, 9.02629656e-05, 9.00880880e-05,
        8.99127076e-05, 8.97368168e-05, 8.95604084e-05, 8.93834767e-05,
        8.92060167e-05, 8.90280240e-05, 8.88494952e-05, 8.86704277e-05,
        8.84908192e-05, 8.83106682e-05, 8.81299738e-05, 8.79487354e-05,
        8.77669530e-05, 8.75846270e-05, 8.74017582e-05, 8.72183477e-05,
        8.70343972e-05, 8.68499082e-05, 8.66648830e-05, 8.64793239e-05,
        8.62932334e-05, 8.61066145e-05, 8.59194700e-05, 8.57318032e-05,
        8.55436175e-05, 8.53549165e-05, 8.51657037e-05, 8.49759832e-05,
        8.47857588e-05, 8.45950346e-05, 8.44038147e-05, 8.42121036e-05,
        8.40199055e-05, 8.38272250e-05, 8.36340665e-05, 8.34404346e-05,
        8.32463342e-05, 8.30517698e-05, 8.28567464e-05, 8.26612686e-05,
        8.24653416e-05, 8.22689701e-05, 8.20721592e-05, 8.18749138e-05,
        8.16772391e-05, 8.14791402e-05, 8.12806221e-05, 8.10816899e-05,
        8.08823489e-05, 8.06826043e-05, 8.04824612e-05, 8.02819248e-05,
        8.00810004e-05, 7.98796933e-05, 7.96780088e-05, 7.94759520e-05,
        7.92735284e-05, 7.90707431e-05, 7.88676016e-05, 7.86641091e-05,
        7.84602709e-05, 7.82560924e-05, 7.80515790e-05, 7.78467359e-05,
        7.76415685e-05, 7.74360821e-05, 7.72302821e-05, 7.70241739e-05,
        7.68177627e-05, 7.66110539e-05, 7.64040530e-05, 7.61967651e-05,
        7.59891957e-05, 7.57813501e-05, 7.55732336e-05, 7.53648516e-05,
        7.51562093e-05]]), array([[4.20101035e-15, 4.21267264e-15, 4.22432037e-15, 4.23595324e-15,
        4.24757095e-15, 4.25917319e-15, 4.27075968e-15, 4.28233010e-15,
        4.29388416e-15, 4.30542156e-15, 4.31694198e-15, 4.32844515e-15,
        4.33993074e-15, 4.35139846e-15, 4.36284800e-15, 4.37427907e-15,
        4.38569136e-15, 4.39708456e-15, 4.40845838e-15, 4.41981251e-15,
        4.43114665e-15, 4.44246050e-15, 4.45375374e-15, 4.46502608e-15,
        4.47627721e-15, 4.48750684e-15, 4.49871465e-15, 4.50990034e-15,
        4.52106361e-15, 4.53220415e-15, 4.54332167e-15, 4.55441585e-15,
        4.56548639e-15, 4.57653299e-15, 4.58755535e-15, 4.59855315e-15,
        4.60952611e-15, 4.62047391e-15, 4.63139625e-15, 4.64229283e-15,
        4.65316335e-15, 4.66400749e-15, 4.67482497e-15, 4.68561547e-15,
        4.69637870e-15, 4.70711435e-15, 4.71782212e-15, 4.72850171e-15,
        4.73915282e-15, 4.74977514e-15, 4.76036838e-15, 4.77093223e-15,
        4.78146640e-15, 4.79197058e-15, 4.80244448e-15, 4.81288780e-15,
        4.82330023e-15, 4.83368148e-15, 4.84403125e-15, 4.85434925e-15,
        4.86463517e-15, 4.87488872e-15, 4.88510960e-15, 4.89529752e-15,
        4.90545219e-15, 4.91557330e-15, 4.92566056e-15, 4.93571368e-15,
        4.94573236e-15, 4.95571632e-15, 4.96566526e-15, 4.97557888e-15,
        4.98545691e-15, 4.99529904e-15, 5.00510499e-15, 5.01487446e-15,
        5.02460718e-15, 5.03430285e-15, 5.04396118e-15, 5.05358189e-15,
        5.06316470e-15, 5.07270931e-15, 5.08221544e-15, 5.09168282e-15,
        5.10111115e-15, 5.11050016e-15, 5.11984956e-15, 5.12915907e-15,
        5.13842842e-15, 5.14765732e-15, 5.15684550e-15, 5.16599268e-15,
        5.17509858e-15, 5.18416293e-15, 5.19318546e-15, 5.20216589e-15,
        5.21110394e-15, 5.21999935e-15, 5.22885185e-15, 5.23766116e-15,
        5.24642702e-15, 5.25514916e-15, 5.26382732e-15, 5.27246122e-15,
        5.28105060e-15, 5.28959521e-15, 5.29809477e-15, 5.30654902e-15,
        5.31495771e-15, 5.32332058e-15, 5.33163736e-15, 5.33990781e-15,
        5.34813166e-15, 5.35630866e-15, 5.36443856e-15, 5.37252110e-15,
        5.38055604e-15, 5.38854312e-15, 5.39648210e-15, 5.40437272e-15,
        5.41221474e-15, 5.42000793e-15, 5.42775202e-15, 5.43544678e-15,
        5.44309198e-15, 5.45068736e-15, 5.45823270e-15, 5.46572775e-15,
        5.47317227e-15, 5.48056605e-15, 5.48790883e-15, 5.49520040e-15,
        5.50244052e-15, 5.50962903e-15, 5.51676600e-15, 5.52385251e-15,
        5.53089359e-15, 5.53790731e-15, 5.54495050e-15, 5.55218269e-15,
        5.56000882e-15, 5.56936581e-15, 5.58224309e-15, 5.60254129e-15,
        5.63736096e-15, 5.69876304e-15, 5.80595059e-15, 5.98769952e-15,
        6.28474158e-15, 6.75170964e-15, 7.45822661e-15, 8.48877191e-15,
        9.94109159e-15, 1.19231062e-14, 1.45484773e-14, 1.79311810e-14,
        2.21795669e-14, 2.73904418e-14, 3.36436972e-14, 4.09979172e-14,
        4.94872738e-14, 5.91198681e-14, 6.98775290e-14, 8.17169556e-14,
        9.45719939e-14, 1.08356783e-13, 1.22969478e-13, 1.38296273e-13,
        1.54215456e-13, 1.70601302e-13, 1.87327630e-13, 2.04270909e-13,
        2.21312860e-13, 2.38342524e-13, 2.55257783e-13, 2.71966380e-13,
        2.88386436e-13, 3.04446511e-13, 3.20085203e-13, 3.35250300e-13,
        3.49897516e-13, 3.63988832e-13, 3.77490556e-13, 3.90371238e-13,
        4.02599650e-13, 4.14143065e-13, 4.24966073e-13, 4.35030110e-13,
        4.44293820e-13, 4.52714231e-13, 4.60248645e-13, 4.66857029e-13,
        4.72504648e-13, 4.77164658e-13, 4.80820391e-13, 4.83467126e-13,
        4.85113207e-13, 4.85780438e-13, 4.85503781e-13, 4.84330410e-13,
        4.82318258e-13, 4.79534180e-13, 4.76051893e-13, 4.71949820e-13,
        4.67308976e-13, 4.62210981e-13, 4.56736283e-13, 4.50962632e-13,
        4.44963837e-13, 4.38808802e-13, 4.32560833e-13, 4.26277197e-13,
        4.20008896e-13, 4.13800610e-13, 4.07690777e-13, 4.01711742e-13,
        3.95889926e-13, 3.90245949e-13, 3.84794676e-13, 3.79545157e-13,
        3.74500472e-13, 3.69657578e-13, 3.65007331e-13, 3.60535065e-13,
        3.56222523e-13, 3.52052689e-13, 3.48020437e-13, 3.44153860e-13,
        3.40553729e-13, 3.37461341e-13, 3.35367745e-13, 3.35180957e-13,
        3.38477076e-13, 3.47890671e-13, 3.67784008e-13, 4.05550209e-13,
        4.74433349e-13, 6.00080430e-13, 8.36674622e-13, 1.30932857e-12,
        2.33435931e-12, 4.79056689e-12, 1.13692727e-11, 3.11540546e-11,
        9.77417224e-11, 3.45625719e-10, 1.34630426e-09, 5.61226548e-09,
        2.42380456e-08, 1.04956122e-07, 4.42304140e-07, 1.76978007e-06,
        6.59925936e-06, 2.26384306e-05, 7.08757777e-05, 2.01671288e-04,
        5.20862220e-04, 1.22199124e-03, 2.61003010e-03, 5.09166142e-03,
        9.10781985e-03, 1.50042880e-02, 2.28716162e-02, 3.24168077e-02,
        4.29323544e-02, 5.33945493e-02, 6.26682228e-02, 6.97495291e-02,
        7.39661714e-02, 7.50782662e-02, 7.32660036e-02, 6.90294622e-02,
        6.30462197e-02, 5.60315345e-02, 4.86312100e-02, 4.13588244e-02,
        3.45742596e-02, 2.84923960e-02, 2.32089240e-02, 1.87322227e-02,
        1.50138441e-02, 1.19736738e-02, 9.51851240e-03, 7.55445887e-03,
        5.99425812e-03, 4.76096489e-03, 3.78915231e-03, 3.02463546e-03,
        2.42340502e-03, 1.95022988e-03, 1.57720630e-03, 1.28240510e-03,
        1.04868662e-03, 8.62703237e-04, 7.14082908e-04, 5.94773582e-04,
        4.98524174e-04, 4.20477731e-04, 3.56854803e-04, 3.04708240e-04,
        2.61733918e-04, 2.26124934e-04, 1.96459410e-04, 1.71614164e-04,
        1.50698272e-04, 1.33001878e-04, 1.17956705e-04, 1.05105540e-04,
        9.40786122e-05, 8.45752737e-05, 7.63497723e-05, 6.92001763e-05,
        6.29597406e-05, 5.74901557e-05, 5.26762495e-05, 4.84218060e-05,
        4.46462411e-05, 4.12819353e-05, 3.82720706e-05, 3.55688567e-05,
        3.31320604e-05, 3.09277762e-05, 2.89273897e-05, 2.71067005e-05,
        2.54451761e-05, 2.39253185e-05, 2.25321252e-05, 2.12526339e-05,
        2.00755403e-05, 1.89908828e-05, 1.79897881e-05, 1.70642726e-05,
        1.62070946e-05, 1.54116502e-05, 1.46719060e-05, 1.39823583e-05,
        1.33380117e-05, 1.27343674e-05, 1.21674134e-05, 1.16336125e-05,
        1.11298840e-05, 1.06535768e-05, 1.02024358e-05, 9.77456130e-06,
        9.36836460e-06, 8.98252164e-06, 8.61592726e-06, 8.26765187e-06,
        7.93690201e-06, 7.62298588e-06, 7.32528414e-06, 7.04322627e-06,
        6.77627196e-06, 6.52389736e-06, 6.28558535e-06, 6.06081924e-06,
        5.84907932e-06, 5.64984153e-06, 5.46257768e-06, 5.28675689e-06,
        5.12184769e-06, 4.96732049e-06, 4.82265030e-06, 4.68731933e-06,
        4.56081950e-06, 4.44265463e-06, 4.33234248e-06, 4.22941628e-06,
        4.13342613e-06, 4.04393992e-06, 3.96054414e-06, 3.88284425e-06,
        3.81046493e-06, 3.74305009e-06, 3.68026271e-06, 3.62178451e-06,
        3.56731553e-06, 3.51657362e-06, 3.46929380e-06, 3.42522763e-06,
        3.38414249e-06, 3.34582090e-06, 3.31005971e-06, 3.27666945e-06,
        3.24547349e-06, 3.21630741e-06, 3.18901824e-06, 3.16346378e-06,
        3.13951194e-06, 3.11704011e-06, 3.09593454e-06, 3.07608975e-06,
        3.05740801e-06, 3.03979877e-06, 3.02317822e-06, 3.00746877e-06,
        2.99259866e-06, 2.97850150e-06, 2.96511595e-06, 2.95238527e-06,
        2.94025708e-06, 2.92868297e-06, 2.91761823e-06, 2.90702160e-06,
        2.89685497e-06, 2.88708319e-06, 2.87767381e-06, 2.86859691e-06,
        2.85982487e-06, 2.85133225e-06, 2.84309557e-06, 2.83509318e-06,
        2.82730515e-06, 2.81971307e-06, 2.81230002e-06, 2.80505037e-06,
        2.79794976e-06, 2.79098494e-06, 2.78414371e-06, 2.77741483e-06,
        2.77078797e-06, 2.76425361e-06, 2.75780299e-06, 2.75142805e-06,
        2.74512137e-06, 2.73887613e-06, 2.73268606e-06, 2.72654538e-06,
        2.72044880e-06, 2.71439144e-06, 2.70836884e-06, 2.70237686e-06,
        2.69641174e-06, 2.69047002e-06, 2.68454852e-06, 2.67864431e-06,
        2.67275472e-06, 2.66687731e-06, 2.66100983e-06, 2.65515022e-06,
        2.64929661e-06, 2.64344728e-06, 2.63760066e-06, 2.63175531e-06,
        2.62590994e-06, 2.62006334e-06, 2.61421444e-06, 2.60836225e-06,
        2.60250588e-06, 2.59664451e-06, 2.59077742e-06, 2.58490394e-06,
        2.57902348e-06, 2.57313549e-06, 2.56723951e-06, 2.56133509e-06,
        2.55542185e-06, 2.54949947e-06, 2.54356763e-06, 2.53762607e-06,
        2.53167458e-06, 2.52571294e-06, 2.51974099e-06, 2.51375859e-06,
        2.50776562e-06, 2.50176198e-06, 2.49574761e-06, 2.48972244e-06,
        2.48368644e-06, 2.47763959e-06, 2.47158187e-06, 2.46551330e-06,
        2.45943389e-06, 2.45334368e-06, 2.44724271e-06, 2.44113102e-06,
        2.43500869e-06, 2.42887577e-06, 2.42273234e-06, 2.41657850e-06,
        2.41041432e-06, 2.40423990e-06, 2.39805535e-06, 2.39186076e-06,
        2.38565626e-06, 2.37944196e-06, 2.37321797e-06, 2.36698441e-06,
        2.36074143e-06, 2.35448913e-06, 2.34822766e-06, 2.34195714e-06,
        2.33567772e-06, 2.32938953e-06, 2.32309271e-06, 2.31678741e-06,
        2.31047376e-06, 2.30415192e-06, 2.29782203e-06, 2.29148423e-06,
        2.28513868e-06]])]]","[[array([[-5.  , -4.99, -4.98, ...,  4.98,  4.99,  5.  ]], shape=(1, 1001)), array([[-5.  , -4.99, -4.98, ...,  4.98,  4.99,  5.  ]], shape=(1, 1001)), array([[-5.  , -4.99, -4.98, ...,  4.98,  4.99,  5.  ]], shape=(1, 1001))]]","[[array([[0.5  , 0.5  , 0.5  , ..., 0.995, 0.995, 0.995]], shape=(1, 1001)), array([[0.5  , 0.5  , 0.5  , ..., 0.995, 0.995, 0.995]], shape=(1, 1001)), array([[0.5  , 0.5  , 0.5  , ..., 0.995, 0.995, 0.995]], shape=(1, 1001))]]","[[array([[-0.04370246]]), array([[-0.04370246]]), array([[-0.04370246]])]]","[[array([[0.005, 0.005, 0.005, ..., 0.5  , 0.5  , 0.5  ],
       [0.995, 0.995, 0.995, ..., 0.5  , 0.5  , 0.5  ]], shape=(2, 1001)), array([[0.005, 0.005, 0.005, ..., 0.5  , 0.5  , 0.5  ],
       [0.995, 0.995, 0.995, ..., 0.5  , 0.5  , 0.5  ]], shape=(2, 1001)), array([[0.005, 0.005, 0.005, ..., 0.5  , 0.5  , 0.5  ],
       [0.995, 0.995, 0.995, ..., 0.5  , 0.5  , 0.5  ]], shape=(2, 1001))]]","[[array([[-1.39794001, -0.23130023, -0.43413437, -0.61568155, -0.77145182,
        -0.90296383, -1.01511225, -1.11225502, -1.19849077, -1.27890885,
        -1.05591658, -1.11198505, -1.15613065, -1.19156674, -1.22087722,
        -1.24577314, -1.26762074, -1.28746085, -1.30606168, -1.32414427,
        -1.34245655, -1.36151304, -1.30298089, -1.31460541, -1.32534169,
        -1.29440507, -1.2625527 , -1.22437163, -1.23798785, -1.19963295,
        -1.21425252, -1.2265457 , -1.23719824, -1.24656447, -1.22040744,
        -1.23023196, -1.20235201, -1.21284641, -1.22193378]]), array([[-1.39794001, -1.78564158, -2.13369117, -1.01800292, -1.281711  ,
        -1.49175886, -0.69648386, -0.90955727, -1.07593812, -1.19907156,
        -1.2894895 , -0.98402585, -1.08859393, -1.16051824, -1.21134689,
        -1.24908051, -1.27858441, -1.30282085, -1.32355766, -1.34193028,
        -1.35876346, -1.37460634, -1.38998261, -1.40520097, -1.42076584,
        -1.43688748, -1.45418663, -1.40006059, -1.36782999, -1.33758003,
        -1.30496995, -1.3166746 , -1.283841  , -1.29612443, -1.26212623,
        -1.27543498, -1.23966998, -1.25419275, -1.21584199, -1.23203352]]), array([[-1.39794001, -1.78564158, -2.13369117, -1.01800292, -1.281711  ,
        -0.31478082, -0.52025418, -0.69784924, -0.8436423 , -0.96044023,
        -1.05328894, -1.12875633, -1.19240697, -1.24890934, -1.08478021,
        -1.1288658 , -1.16328174, -1.19090739, -1.10901836, -1.13832685,
        -1.16135567, -1.18008133, -1.19568937, -1.20902878, -1.22076759,
        -1.23126267, -1.24078795, -1.24955394, -1.22373784, -1.23222401,
        -1.20693554, -1.17967043, -1.14635684, -1.15926121, -1.17014923,
        -1.17951469, -1.18772044, -1.19503076, -1.2016378 , -1.20772725]])]]","[[array([[0, 1, 1, 1, 1, 1, 1, 1, 1, 0, 1, 1, 1, 1, 1, 1, 1, 1, 1, 1, 1, 0,
        1, 1, 0, 0, 0, 1, 0, 1, 1, 1, 1, 0, 1, 0, 1, 1, 1]], dtype=uint8), array([[1, 1, 0, 1, 1, 0, 1, 1, 1, 1, 0, 1, 1, 1, 1, 1, 1, 1, 1, 1, 1, 1,
        1, 1, 1, 1, 0, 0, 0, 0, 1, 0, 1, 0, 1, 0, 1, 0, 1, 0]],
      dtype=uint8), array([[1, 1, 0, 1, 0, 1, 1, 1, 1, 1, 1, 1, 1, 0, 1, 1, 1, 0, 1, 1, 1, 1,
        1, 1, 1, 1, 1, 0, 1, 0, 0, 0, 1, 1, 1, 1, 1, 1, 1, 0]],
      dtype=uint8)]]","[[array([[0.58979247]]), array([[0.58979247]]), array([[0.58979247]])]]"
